what,kind,bundleId,bundleVersion,description,time
started,bundle,org.eclipse.tracecompass.tmf.ui,2.3.0.201702221334,"org.eclipse.tracecompass.tmf.ui",1488404522537
error,log,,,"Conflicting handlers for org.eclipse.linuxtools.tmf.ui.command.managecustomparsers: {org.eclipse.tracecompass.internal.tmf.ui.commands.ManageCustomParsersCommandHandler} vs {org.eclipse.linuxtools.tmf.ui.commands.ManageCustomParsersCommandHandler}",1488404522712
opened,view,org.eclipse.ui.navigator.resources,3.5.101.v20161006-0640,"org.eclipse.ui.navigator.ProjectExplorer",1488404522801
activated,view,org.eclipse.ui.navigator.resources,3.5.101.v20161006-0640,"org.eclipse.ui.navigator.ProjectExplorer",1488404523104
activated,perspective,org.eclipse.cdt.ui,6.1.0.201702131830,"org.eclipse.cdt.ui.CPerspective",1488404523200
activated,editor,org.eclipse.cdt.ui,6.1.0.201702131830,"org.eclipse.cdt.ui.editor.CEditor",1488404542754
executed,command,org.eclipse.ui.workbench.texteditor,3.10.1.v20160818-1626,"org.eclipse.ui.edit.text.goto.wordPrevious",1488404548249
executed,command,org.eclipse.ui.workbench.texteditor,3.10.1.v20160818-1626,"org.eclipse.ui.edit.text.goto.wordPrevious",1488404548480
executed,command,org.eclipse.ui.workbench.texteditor,3.10.1.v20160818-1626,"org.eclipse.ui.edit.text.goto.wordPrevious",1488404548747
started,bundle,org.eclipse.cdt.codan.checkers.ui,3.2.0.201702131830,"org.eclipse.cdt.codan.checkers.ui",1488404550618
started,bundle,org.eclipse.linuxtools.cdt.libhover,1.2.0.201702222021,"org.eclipse.linuxtools.cdt.libhover",1488404556787
executed,command,org.eclipse.ui.workbench.texteditor,3.10.1.v20160818-1626,"org.eclipse.ui.edit.text.deletePreviousWord",1488404575784
deactivated,workbench,org.eclipse.ui.workbench,3.108.2.v20161025-2029,"",1488404757988
activated,workbench,org.eclipse.ui.workbench,3.108.2.v20161025-2029,"",1488404759684
deactivated,workbench,org.eclipse.ui.workbench,3.108.2.v20161025-2029,"",1488404760960
activated,workbench,org.eclipse.ui.workbench,3.108.2.v20161025-2029,"",1488405041780
executed,command,org.eclipse.ui.workbench.texteditor,3.10.1.v20160818-1626,"org.eclipse.ui.edit.text.deletePreviousWord",1488405065906
opened,editor,org.eclipse.cdt.ui,6.1.0.201702131830,"org.eclipse.cdt.ui.editor.CEditor",1488405102184
activated,editor,org.eclipse.cdt.ui,6.1.0.201702131830,"org.eclipse.cdt.ui.editor.CEditor",1488405102329
activated,editor,org.eclipse.cdt.ui,6.1.0.201702131830,"org.eclipse.cdt.ui.editor.CEditor",1488405103258
executed,command,org.eclipse.ui.workbench.texteditor,3.10.1.v20160818-1626,"org.eclipse.ui.edit.text.deletePreviousWord",1488405261560
executed,command,org.eclipse.ui.workbench.texteditor,3.10.1.v20160818-1626,"org.eclipse.ui.edit.text.deletePreviousWord",1488405451538
executed,command,org.eclipse.ui.workbench.texteditor,3.10.1.v20160818-1626,"org.eclipse.ui.edit.text.deletePreviousWord",1488405452249
executed,command,org.eclipse.ui.workbench.texteditor,3.10.1.v20160818-1626,"org.eclipse.ui.edit.text.deletePreviousWord",1488405453323
executed,command,org.eclipse.ui.workbench.texteditor,3.10.1.v20160818-1626,"org.eclipse.ui.edit.text.goto.wordNext",1488405510411
executed,command,org.eclipse.ui.workbench.texteditor,3.10.1.v20160818-1626,"org.eclipse.ui.edit.text.goto.wordNext",1488405510616
executed,command,org.eclipse.ui.workbench.texteditor,3.10.1.v20160818-1626,"org.eclipse.ui.edit.text.goto.wordNext",1488405511151
executed,command,org.eclipse.ui.workbench.texteditor,3.10.1.v20160818-1626,"org.eclipse.ui.edit.text.goto.wordNext",1488405511329
executed,command,org.eclipse.ui.workbench.texteditor,3.10.1.v20160818-1626,"org.eclipse.ui.edit.text.deletePreviousWord",1488405531644
executed,command,org.eclipse.ui.workbench.texteditor,3.10.1.v20160818-1626,"org.eclipse.ui.edit.text.goto.wordNext",1488405533615
executed,command,org.eclipse.ui.workbench.texteditor,3.10.1.v20160818-1626,"org.eclipse.ui.edit.text.goto.wordNext",1488405533736
executed,command,org.eclipse.ui.workbench.texteditor,3.10.1.v20160818-1626,"org.eclipse.ui.edit.text.goto.wordNext",1488405533879
executed,command,org.eclipse.ui.workbench.texteditor,3.10.1.v20160818-1626,"org.eclipse.ui.edit.text.goto.wordNext",1488405534024
executed,command,org.eclipse.ui.workbench.texteditor,3.10.1.v20160818-1626,"org.eclipse.ui.edit.text.goto.wordPrevious",1488405534352
started,bundle,org.eclipse.wst.validation,1.2.700.v201508251749,"org.eclipse.wst.validation",1488405557303
executed,command,org.eclipse.ui,3.108.1.v20160929-1045,"org.eclipse.ui.file.save",1488405557509
executed,command,org.eclipse.ui.workbench.texteditor,3.10.1.v20160818-1626,"org.eclipse.ui.edit.text.deletePreviousWord",1488405569147
executed,command,org.eclipse.ui,3.108.1.v20160929-1045,"org.eclipse.ui.edit.copy",1488405584328
executed,command,org.eclipse.ui,3.108.1.v20160929-1045,"org.eclipse.ui.edit.paste",1488405587718
executed,command,org.eclipse.ui.workbench.texteditor,3.10.1.v20160818-1626,"org.eclipse.ui.edit.text.goto.wordNext",1488405591285
executed,command,org.eclipse.ui.workbench.texteditor,3.10.1.v20160818-1626,"org.eclipse.ui.edit.text.goto.wordNext",1488405591418
executed,command,org.eclipse.ui.workbench.texteditor,3.10.1.v20160818-1626,"org.eclipse.ui.edit.text.goto.wordNext",1488405591572
executed,command,org.eclipse.ui.workbench.texteditor,3.10.1.v20160818-1626,"org.eclipse.ui.edit.text.deletePreviousWord",1488405592350
executed,command,org.eclipse.ui.workbench.texteditor,3.10.1.v20160818-1626,"org.eclipse.ui.edit.text.deletePreviousWord",1488405592629
executed,command,org.eclipse.ui,3.108.1.v20160929-1045,"org.eclipse.ui.file.save",1488405600664
executed,command,org.eclipse.ui,3.108.1.v20160929-1045,"org.eclipse.ui.file.save",1488405606634
started,bundle,org.eclipse.cdt.launch,9.1.0.201702131830,"org.eclipse.cdt.launch",1488405614099
started,bundle,org.eclipse.cdt.dsf.gdb,5.2.0.201702131830,"org.eclipse.cdt.dsf.gdb",1488405614130
started,bundle,org.eclipse.launchbar.core,2.1.0.201612052026,"org.eclipse.launchbar.core",1488405614186
started,bundle,org.eclipse.cdt.dsf.gdb.ui,2.6.0.201702131830,"org.eclipse.cdt.dsf.gdb.ui",1488405614271
started,bundle,org.eclipse.cdt.managedbuilder.gnu.ui,8.3.0.201702131830,"org.eclipse.cdt.managedbuilder.gnu.ui",1488405615931
started,bundle,org.eclipse.cdt.autotools.core,2.0.0.201702131830,"org.eclipse.cdt.autotools.core",1488405616103
started,bundle,org.eclipse.linuxtools.tmf.core,0.4.0.201202152032,"org.eclipse.linuxtools.tmf.core",1488405618887
started,bundle,org.eclipse.linuxtools.tmf.ui,0.4.0.201202152032,"org.eclipse.linuxtools.tmf.ui",1488405618902
started,bundle,org.eclipse.ui.externaltools,3.3.100.v20160518-1858,"org.eclipse.ui.externaltools",1488405619296
started,bundle,org.eclipse.core.externaltools,1.0.400.v20160509-1057,"org.eclipse.core.externaltools",1488405619313
opened,view,org.eclipse.cdt.debug.ui,8.1.0.201702131830,"org.eclipse.cdt.debug.ui.debuggerConsoleView",1488405621809
deactivated,workbench,org.eclipse.ui.workbench,3.108.2.v20161025-2029,"",1488405625825
activated,perspective,org.eclipse.debug.ui,3.11.202.v20161114-0338,"org.eclipse.debug.ui.DebugPerspective",1488405628463
opened,view,org.eclipse.debug.ui,3.11.202.v20161114-0338,"org.eclipse.debug.ui.BreakpointView",1488405628771
opened,view,org.eclipse.debug.ui,3.11.202.v20161114-0338,"org.eclipse.debug.ui.MemoryView",1488405628919
opened,view,org.eclipse.debug.ui,3.11.202.v20161114-0338,"org.eclipse.debug.ui.RegisterView",1488405629096
opened,view,org.eclipse.debug.ui,3.11.202.v20161114-0338,"org.eclipse.debug.ui.ModuleView",1488405629182
activated,workbench,org.eclipse.ui.workbench,3.108.2.v20161025-2029,"",1488405629247
executed,command,org.eclipse.debug.ui,3.11.202.v20161114-0338,"org.eclipse.debug.ui.commands.StepOver",1488405635666
executed,command,org.eclipse.debug.ui,3.11.202.v20161114-0338,"org.eclipse.debug.ui.commands.StepOver",1488405637712
executed,command,org.eclipse.debug.ui,3.11.202.v20161114-0338,"org.eclipse.debug.ui.commands.StepOver",1488405638399
executed,command,org.eclipse.debug.ui,3.11.202.v20161114-0338,"org.eclipse.debug.ui.commands.StepOver",1488405638990
executed,command,org.eclipse.debug.ui,3.11.202.v20161114-0338,"org.eclipse.debug.ui.commands.StepOver",1488405640438
activated,view,org.eclipse.ui.console,3.6.201.v20161107-0337,"org.eclipse.ui.console.ConsoleView",1488405641593
activated,editor,org.eclipse.cdt.ui,6.1.0.201702131830,"org.eclipse.cdt.ui.editor.CEditor",1488405743699
executed,command,org.eclipse.ui,3.108.1.v20160929-1045,"org.eclipse.ui.edit.undo",1488405750346
executed,command,org.eclipse.ui.workbench.texteditor,3.10.1.v20160818-1626,"org.eclipse.ui.edit.text.goto.wordNext",1488405778204
executed,command,org.eclipse.ui.workbench.texteditor,3.10.1.v20160818-1626,"org.eclipse.ui.edit.text.goto.wordNext",1488405778467
executed,command,org.eclipse.ui.workbench.texteditor,3.10.1.v20160818-1626,"org.eclipse.ui.edit.text.select.wordPrevious",1488405779332
executed,command,org.eclipse.ui.workbench.texteditor,3.10.1.v20160818-1626,"org.eclipse.ui.edit.text.select.wordPrevious",1488405779636
executed,command,org.eclipse.ui.workbench.texteditor,3.10.1.v20160818-1626,"org.eclipse.ui.edit.text.goto.wordNext",1488405787234
executed,command,org.eclipse.ui.workbench.texteditor,3.10.1.v20160818-1626,"org.eclipse.ui.edit.text.goto.wordNext",1488405787364
executed,command,org.eclipse.ui.workbench.texteditor,3.10.1.v20160818-1626,"org.eclipse.ui.edit.text.goto.wordNext",1488405787484
executed,command,org.eclipse.ui.workbench.texteditor,3.10.1.v20160818-1626,"org.eclipse.ui.edit.text.goto.wordNext",1488405787763
executed,command,org.eclipse.ui.workbench.texteditor,3.10.1.v20160818-1626,"org.eclipse.ui.edit.text.deletePreviousWord",1488405788351
executed,command,org.eclipse.ui.workbench.texteditor,3.10.1.v20160818-1626,"org.eclipse.ui.edit.text.deletePreviousWord",1488405788600
executed,command,org.eclipse.ui.workbench.texteditor,3.10.1.v20160818-1626,"org.eclipse.ui.edit.text.deletePreviousWord",1488405788945
executed,command,org.eclipse.debug.ui,3.11.202.v20161114-0338,"org.eclipse.debug.ui.commands.Terminate",1488405809711
executed,command,org.eclipse.ui,3.108.1.v20160929-1045,"org.eclipse.ui.file.save",1488405812429
executed,command,org.eclipse.debug.ui,3.11.202.v20161114-0338,"org.eclipse.debug.ui.commands.StepOver",1488405821681
executed,command,org.eclipse.debug.ui,3.11.202.v20161114-0338,"org.eclipse.debug.ui.commands.StepOver",1488405823033
executed,command,org.eclipse.debug.ui,3.11.202.v20161114-0338,"org.eclipse.debug.ui.commands.StepOver",1488405823777
executed,command,org.eclipse.debug.ui,3.11.202.v20161114-0338,"org.eclipse.debug.ui.commands.StepOver",1488405824246
executed,command,org.eclipse.debug.ui,3.11.202.v20161114-0338,"org.eclipse.debug.ui.commands.StepOver",1488405825075
executed,command,org.eclipse.debug.ui,3.11.202.v20161114-0338,"org.eclipse.debug.ui.commands.StepOver",1488405826066
deactivated,workbench,org.eclipse.ui.workbench,3.108.2.v20161025-2029,"",1488405827410
activated,workbench,org.eclipse.ui.workbench,3.108.2.v20161025-2029,"",1488405882133
activated,view,org.eclipse.ui.console,3.6.201.v20161107-0337,"org.eclipse.ui.console.ConsoleView",1488405882210
executed,command,org.eclipse.ui,3.108.1.v20160929-1045,"org.eclipse.ui.edit.paste",1488405882477
executed,command,org.eclipse.debug.ui,3.11.202.v20161114-0338,"org.eclipse.debug.ui.commands.StepOver",1488405889883
activated,editor,org.eclipse.cdt.ui,6.1.0.201702131830,"org.eclipse.cdt.ui.editor.CEditor",1488405903769
deactivated,workbench,org.eclipse.ui.workbench,3.108.2.v20161025-2029,"",1488405908234
activated,workbench,org.eclipse.ui.workbench,3.108.2.v20161025-2029,"",1488405909107
executed,command,org.eclipse.ui,3.108.1.v20160929-1045,"org.eclipse.ui.file.save",1488405914347
executed,command,org.eclipse.debug.ui,3.11.202.v20161114-0338,"org.eclipse.debug.ui.commands.StepOver",1488405918451
executed,command,org.eclipse.debug.ui,3.11.202.v20161114-0338,"org.eclipse.debug.ui.commands.StepOver",1488405922963
executed,command,org.eclipse.debug.ui,3.11.202.v20161114-0338,"org.eclipse.debug.ui.commands.Terminate",1488405926209
executed,command,org.eclipse.debug.ui,3.11.202.v20161114-0338,"org.eclipse.debug.ui.commands.StepOver",1488405943108
executed,command,org.eclipse.debug.ui,3.11.202.v20161114-0338,"org.eclipse.debug.ui.commands.StepOver",1488405943735
executed,command,org.eclipse.debug.ui,3.11.202.v20161114-0338,"org.eclipse.debug.ui.commands.StepOver",1488405944218
executed,command,org.eclipse.debug.ui,3.11.202.v20161114-0338,"org.eclipse.debug.ui.commands.StepOver",1488405944579
executed,command,org.eclipse.debug.ui,3.11.202.v20161114-0338,"org.eclipse.debug.ui.commands.StepOver",1488405944924
activated,view,org.eclipse.ui.console,3.6.201.v20161107-0337,"org.eclipse.ui.console.ConsoleView",1488405946812
deactivated,workbench,org.eclipse.ui.workbench,3.108.2.v20161025-2029,"",1488405949456
activated,workbench,org.eclipse.ui.workbench,3.108.2.v20161025-2029,"",1488405954930
executed,command,org.eclipse.ui,3.108.1.v20160929-1045,"org.eclipse.ui.edit.paste",1488405955617
executed,command,org.eclipse.debug.ui,3.11.202.v20161114-0338,"org.eclipse.debug.ui.commands.StepOver",1488405969245
executed,command,org.eclipse.debug.ui,3.11.202.v20161114-0338,"org.eclipse.debug.ui.commands.StepOver",1488405973364
activated,editor,org.eclipse.cdt.ui,6.1.0.201702131830,"org.eclipse.cdt.ui.editor.CEditor",1488405988965
executed,command,org.eclipse.debug.ui,3.11.202.v20161114-0338,"org.eclipse.debug.ui.commands.StepOver",1488406008845
activated,view,org.eclipse.ui.console,3.6.201.v20161107-0337,"org.eclipse.ui.console.ConsoleView",1488406010033
deactivated,workbench,org.eclipse.ui.workbench,3.108.2.v20161025-2029,"",1488406018563
activated,workbench,org.eclipse.ui.workbench,3.108.2.v20161025-2029,"",1488406020203
executed,command,org.eclipse.ui,3.108.1.v20160929-1045,"org.eclipse.ui.edit.paste",1488406020471
activated,editor,org.eclipse.cdt.ui,6.1.0.201702131830,"org.eclipse.cdt.ui.editor.CEditor",1488406024162
executed,command,org.eclipse.debug.ui,3.11.202.v20161114-0338,"org.eclipse.debug.ui.commands.StepInto",1488406027350
executed,command,org.eclipse.debug.ui,3.11.202.v20161114-0338,"org.eclipse.debug.ui.commands.StepOver",1488406039325
executed,command,,,"AUTOGEN:::org.eclipse.ui.texteditor.ruler.actions/org.eclipse.cdt.internal.ui.text.correction.CSelectRulerAction",1488406049516
executed,command,org.eclipse.debug.ui,3.11.202.v20161114-0338,"org.eclipse.debug.ui.commands.Terminate",1488406056894
executed,command,org.eclipse.ui,3.108.1.v20160929-1045,"org.eclipse.ui.file.save",1488406058638
executed,command,org.eclipse.debug.ui,3.11.202.v20161114-0338,"org.eclipse.debug.ui.commands.StepOver",1488406069712
executed,command,org.eclipse.debug.ui,3.11.202.v20161114-0338,"org.eclipse.debug.ui.commands.StepOver",1488406070319
executed,command,org.eclipse.debug.ui,3.11.202.v20161114-0338,"org.eclipse.debug.ui.commands.StepOver",1488406070646
executed,command,org.eclipse.debug.ui,3.11.202.v20161114-0338,"org.eclipse.debug.ui.commands.StepOver",1488406070803
executed,command,org.eclipse.debug.ui,3.11.202.v20161114-0338,"org.eclipse.debug.ui.commands.StepOver",1488406071015
executed,command,org.eclipse.debug.ui,3.11.202.v20161114-0338,"org.eclipse.debug.ui.commands.StepOver",1488406071178
activated,view,org.eclipse.ui.console,3.6.201.v20161107-0337,"org.eclipse.ui.console.ConsoleView",1488406072113
deactivated,workbench,org.eclipse.ui.workbench,3.108.2.v20161025-2029,"",1488406073251
activated,workbench,org.eclipse.ui.workbench,3.108.2.v20161025-2029,"",1488406076144
deactivated,workbench,org.eclipse.ui.workbench,3.108.2.v20161025-2029,"",1488406078042
activated,workbench,org.eclipse.ui.workbench,3.108.2.v20161025-2029,"",1488406080103
executed,command,org.eclipse.ui,3.108.1.v20160929-1045,"org.eclipse.ui.edit.paste",1488406080597
executed,command,org.eclipse.debug.ui,3.11.202.v20161114-0338,"org.eclipse.debug.ui.commands.StepOver",1488406086567
executed,command,org.eclipse.debug.ui,3.11.202.v20161114-0338,"org.eclipse.debug.ui.commands.StepOver",1488406089209
activated,editor,org.eclipse.cdt.ui,6.1.0.201702131830,"org.eclipse.cdt.ui.editor.CEditor",1488406097257
activated,view,org.eclipse.ui.console,3.6.201.v20161107-0337,"org.eclipse.ui.console.ConsoleView",1488406101554
executed,command,org.eclipse.debug.ui,3.11.202.v20161114-0338,"org.eclipse.debug.ui.commands.StepOver",1488406103627
activated,editor,org.eclipse.cdt.ui,6.1.0.201702131830,"org.eclipse.cdt.ui.editor.CEditor",1488406117594
executed,command,org.eclipse.debug.ui,3.11.202.v20161114-0338,"org.eclipse.debug.ui.commands.Terminate",1488406120710
deactivated,workbench,org.eclipse.ui.workbench,3.108.2.v20161025-2029,"",1488406128622
activated,workbench,org.eclipse.ui.workbench,3.108.2.v20161025-2029,"",1488406131247
executed,command,org.eclipse.debug.ui,3.11.202.v20161114-0338,"org.eclipse.debug.ui.commands.StepOver",1488406136176
executed,command,org.eclipse.debug.ui,3.11.202.v20161114-0338,"org.eclipse.debug.ui.commands.StepOver",1488406136741
executed,command,org.eclipse.debug.ui,3.11.202.v20161114-0338,"org.eclipse.debug.ui.commands.StepOver",1488406136993
executed,command,org.eclipse.debug.ui,3.11.202.v20161114-0338,"org.eclipse.debug.ui.commands.StepOver",1488406137458
executed,command,org.eclipse.debug.ui,3.11.202.v20161114-0338,"org.eclipse.debug.ui.commands.StepOver",1488406137643
activated,view,org.eclipse.ui.console,3.6.201.v20161107-0337,"org.eclipse.ui.console.ConsoleView",1488406138719
executed,command,org.eclipse.ui,3.108.1.v20160929-1045,"org.eclipse.ui.edit.paste",1488406142958
executed,command,org.eclipse.debug.ui,3.11.202.v20161114-0338,"org.eclipse.debug.ui.commands.StepOver",1488406145739
executed,command,org.eclipse.debug.ui,3.11.202.v20161114-0338,"org.eclipse.debug.ui.commands.StepOver",1488406153327
executed,command,org.eclipse.debug.ui,3.11.202.v20161114-0338,"org.eclipse.debug.ui.commands.StepOver",1488406153992
executed,command,org.eclipse.debug.ui,3.11.202.v20161114-0338,"org.eclipse.debug.ui.commands.StepInto",1488406155298
executed,command,org.eclipse.debug.ui,3.11.202.v20161114-0338,"org.eclipse.debug.ui.commands.StepOver",1488406156560
executed,command,org.eclipse.debug.ui,3.11.202.v20161114-0338,"org.eclipse.debug.ui.commands.StepOver",1488406161904
executed,command,org.eclipse.debug.ui,3.11.202.v20161114-0338,"org.eclipse.debug.ui.commands.StepOver",1488406167455
executed,command,org.eclipse.debug.ui,3.11.202.v20161114-0338,"org.eclipse.debug.ui.commands.StepOver",1488406172024
executed,command,org.eclipse.debug.ui,3.11.202.v20161114-0338,"org.eclipse.debug.ui.commands.StepOver",1488406175666
executed,command,org.eclipse.debug.ui,3.11.202.v20161114-0338,"org.eclipse.debug.ui.commands.StepOver",1488406186658
executed,command,org.eclipse.debug.ui,3.11.202.v20161114-0338,"org.eclipse.debug.ui.commands.StepOver",1488406193648
executed,command,org.eclipse.debug.ui,3.11.202.v20161114-0338,"org.eclipse.debug.ui.commands.StepOver",1488406195832
deactivated,workbench,org.eclipse.ui.workbench,3.108.2.v20161025-2029,"",1488406200039
activated,workbench,org.eclipse.ui.workbench,3.108.2.v20161025-2029,"",1488406210494
deactivated,workbench,org.eclipse.ui.workbench,3.108.2.v20161025-2029,"",1488406218719
activated,workbench,org.eclipse.ui.workbench,3.108.2.v20161025-2029,"",1488406220300
activated,editor,org.eclipse.cdt.ui,6.1.0.201702131830,"org.eclipse.cdt.ui.editor.CEditor",1488406220448
deactivated,workbench,org.eclipse.ui.workbench,3.108.2.v20161025-2029,"",1488406368511
activated,workbench,org.eclipse.ui.workbench,3.108.2.v20161025-2029,"",1488406461216
activated,view,org.eclipse.ui.console,3.6.201.v20161107-0337,"org.eclipse.ui.console.ConsoleView",1488406461255
deactivated,workbench,org.eclipse.ui.workbench,3.108.2.v20161025-2029,"",1488406562407
activated,workbench,org.eclipse.ui.workbench,3.108.2.v20161025-2029,"",1488407018554
activated,editor,org.eclipse.cdt.ui,6.1.0.201702131830,"org.eclipse.cdt.ui.editor.CEditor",1488407066186
executed,command,org.eclipse.debug.ui,3.11.202.v20161114-0338,"org.eclipse.debug.ui.commands.StepOver",1488407067991
activated,view,org.eclipse.ui.console,3.6.201.v20161107-0337,"org.eclipse.ui.console.ConsoleView",1488407073681
executed,command,org.eclipse.ui,3.108.1.v20160929-1045,"org.eclipse.ui.edit.paste",1488407080457
activated,editor,org.eclipse.cdt.ui,6.1.0.201702131830,"org.eclipse.cdt.ui.editor.CEditor",1488407084686
executed,command,org.eclipse.debug.ui,3.11.202.v20161114-0338,"org.eclipse.debug.ui.commands.StepOver",1488407085894
executed,command,org.eclipse.debug.ui,3.11.202.v20161114-0338,"org.eclipse.debug.ui.commands.StepOver",1488407087283
executed,command,org.eclipse.debug.ui,3.11.202.v20161114-0338,"org.eclipse.debug.ui.commands.StepOver",1488407088718
executed,command,org.eclipse.debug.ui,3.11.202.v20161114-0338,"org.eclipse.debug.ui.commands.StepOver",1488407090270
executed,command,org.eclipse.debug.ui,3.11.202.v20161114-0338,"org.eclipse.debug.ui.commands.StepOver",1488407091574
executed,command,org.eclipse.debug.ui,3.11.202.v20161114-0338,"org.eclipse.debug.ui.commands.StepOver",1488407092150
deactivated,workbench,org.eclipse.ui.workbench,3.108.2.v20161025-2029,"",1488407121113
activated,workbench,org.eclipse.ui.workbench,3.108.2.v20161025-2029,"",1488407372531
started,bundle,org.eclipse.mylyn.context.ui,3.21.0.v20160701-1337,"org.eclipse.mylyn.context.ui",1488407381159
started,bundle,org.eclipse.cdt.mylyn.ui,3.21.0.v20160701-1337,"org.eclipse.cdt.mylyn.ui",1488407381163
executed,command,org.eclipse.ui,3.108.1.v20160929-1045,"org.eclipse.ui.edit.text.contentAssist.proposals",1488407381296
deactivated,workbench,org.eclipse.ui.workbench,3.108.2.v20161025-2029,"",1488407411299
activated,workbench,org.eclipse.ui.workbench,3.108.2.v20161025-2029,"",1488407421790
activated,editor,org.eclipse.cdt.ui,6.1.0.201702131830,"org.eclipse.cdt.ui.editor.CEditor",1488407424772
executed,command,org.eclipse.ui,3.108.1.v20160929-1045,"org.eclipse.ui.edit.paste",1488407430945
deactivated,workbench,org.eclipse.ui.workbench,3.108.2.v20161025-2029,"",1488407455905
activated,workbench,org.eclipse.ui.workbench,3.108.2.v20161025-2029,"",1488407543206
executed,command,org.eclipse.ui,3.108.1.v20160929-1045,"org.eclipse.ui.edit.text.contentAssist.proposals",1488407580526
deactivated,workbench,org.eclipse.ui.workbench,3.108.2.v20161025-2029,"",1488407585642
activated,workbench,org.eclipse.ui.workbench,3.108.2.v20161025-2029,"",1488407586144
executed,command,org.eclipse.ui,3.108.1.v20160929-1045,"org.eclipse.ui.file.save",1488407592459
activated,editor,org.eclipse.cdt.ui,6.1.0.201702131830,"org.eclipse.cdt.ui.editor.CEditor",1488407603295
activated,editor,org.eclipse.cdt.ui,6.1.0.201702131830,"org.eclipse.cdt.ui.editor.CEditor",1488407616279
opened,editor,org.eclipse.cdt.ui,6.1.0.201702131830,"org.eclipse.cdt.ui.editor.CEditor",1488407629740
activated,editor,org.eclipse.cdt.ui,6.1.0.201702131830,"org.eclipse.cdt.ui.editor.CEditor",1488407629844
activated,editor,org.eclipse.cdt.ui,6.1.0.201702131830,"org.eclipse.cdt.ui.editor.CEditor",1488407631545
activated,editor,org.eclipse.cdt.ui,6.1.0.201702131830,"org.eclipse.cdt.ui.editor.CEditor",1488407632125
deactivated,workbench,org.eclipse.ui.workbench,3.108.2.v20161025-2029,"",1488407660514
activated,workbench,org.eclipse.ui.workbench,3.108.2.v20161025-2029,"",1488407861593
activated,editor,org.eclipse.cdt.ui,6.1.0.201702131830,"org.eclipse.cdt.ui.editor.CEditor",1488407862015
activated,editor,org.eclipse.cdt.ui,6.1.0.201702131830,"org.eclipse.cdt.ui.editor.CEditor",1488407862115
activated,editor,org.eclipse.cdt.ui,6.1.0.201702131830,"org.eclipse.cdt.ui.editor.CEditor",1488407862463
activated,editor,org.eclipse.cdt.ui,6.1.0.201702131830,"org.eclipse.cdt.ui.editor.CEditor",1488407862761
activated,editor,org.eclipse.cdt.ui,6.1.0.201702131830,"org.eclipse.cdt.ui.editor.CEditor",1488407864762
activated,editor,org.eclipse.cdt.ui,6.1.0.201702131830,"org.eclipse.cdt.ui.editor.CEditor",1488407865189
activated,editor,org.eclipse.cdt.ui,6.1.0.201702131830,"org.eclipse.cdt.ui.editor.CEditor",1488407865369
activated,editor,org.eclipse.cdt.ui,6.1.0.201702131830,"org.eclipse.cdt.ui.editor.CEditor",1488407865584
deactivated,workbench,org.eclipse.ui.workbench,3.108.2.v20161025-2029,"",1488407865652
activated,workbench,org.eclipse.ui.workbench,3.108.2.v20161025-2029,"",1488407865792
activated,editor,org.eclipse.cdt.ui,6.1.0.201702131830,"org.eclipse.cdt.ui.editor.CEditor",1488407865881
deactivated,workbench,org.eclipse.ui.workbench,3.108.2.v20161025-2029,"",1488407865994
activated,editor,org.eclipse.cdt.ui,6.1.0.201702131830,"org.eclipse.cdt.ui.editor.CEditor",1488407866134
activated,workbench,org.eclipse.ui.workbench,3.108.2.v20161025-2029,"",1488407866376
activated,editor,org.eclipse.cdt.ui,6.1.0.201702131830,"org.eclipse.cdt.ui.editor.CEditor",1488407866536
deactivated,workbench,org.eclipse.ui.workbench,3.108.2.v20161025-2029,"",1488407866787
activated,editor,org.eclipse.cdt.ui,6.1.0.201702131830,"org.eclipse.cdt.ui.editor.CEditor",1488407866944
activated,workbench,org.eclipse.ui.workbench,3.108.2.v20161025-2029,"",1488407878094
activated,editor,org.eclipse.cdt.ui,6.1.0.201702131830,"org.eclipse.cdt.ui.editor.CEditor",1488407878163
deactivated,workbench,org.eclipse.ui.workbench,3.108.2.v20161025-2029,"",1488407892835
activated,editor,org.eclipse.cdt.ui,6.1.0.201702131830,"org.eclipse.cdt.ui.editor.CEditor",1488407892913
activated,editor,org.eclipse.cdt.ui,6.1.0.201702131830,"org.eclipse.cdt.ui.editor.CEditor",1488407895005
activated,editor,org.eclipse.cdt.ui,6.1.0.201702131830,"org.eclipse.cdt.ui.editor.CEditor",1488407895278
activated,editor,org.eclipse.cdt.ui,6.1.0.201702131830,"org.eclipse.cdt.ui.editor.CEditor",1488407895481
activated,editor,org.eclipse.cdt.ui,6.1.0.201702131830,"org.eclipse.cdt.ui.editor.CEditor",1488407895856
activated,editor,org.eclipse.cdt.ui,6.1.0.201702131830,"org.eclipse.cdt.ui.editor.CEditor",1488407896165
activated,editor,org.eclipse.cdt.ui,6.1.0.201702131830,"org.eclipse.cdt.ui.editor.CEditor",1488407896480
activated,workbench,org.eclipse.ui.workbench,3.108.2.v20161025-2029,"",1488407896639
activated,view,org.eclipse.ui.console,3.6.201.v20161107-0337,"org.eclipse.ui.console.ConsoleView",1488407907649
activated,editor,org.eclipse.cdt.ui,6.1.0.201702131830,"org.eclipse.cdt.ui.editor.CEditor",1488407930319
activated,view,org.eclipse.ui.console,3.6.201.v20161107-0337,"org.eclipse.ui.console.ConsoleView",1488407930520
activated,editor,org.eclipse.cdt.ui,6.1.0.201702131830,"org.eclipse.cdt.ui.editor.CEditor",1488407936864
activated,view,org.eclipse.ui.console,3.6.201.v20161107-0337,"org.eclipse.ui.console.ConsoleView",1488407937151
activated,editor,org.eclipse.cdt.ui,6.1.0.201702131830,"org.eclipse.cdt.ui.editor.CEditor",1488407939345
activated,view,org.eclipse.debug.ui,3.11.202.v20161114-0338,"org.eclipse.debug.ui.DebugView",1488407946808
activated,editor,org.eclipse.cdt.ui,6.1.0.201702131830,"org.eclipse.cdt.ui.editor.CEditor",1488407948273
deactivated,workbench,org.eclipse.ui.workbench,3.108.2.v20161025-2029,"",1488407962164
activated,workbench,org.eclipse.ui.workbench,3.108.2.v20161025-2029,"",1488407977114
executed,command,org.eclipse.ui,3.108.1.v20160929-1045,"org.eclipse.ui.edit.paste",1488407983526
deactivated,workbench,org.eclipse.ui.workbench,3.108.2.v20161025-2029,"",1488408003601
